-- phpMyAdmin SQL Dump
-- version 5.2.0
-- https://www.phpmyadmin.net/
--
-- Host: localhost:3306
-- Generation Time: May 25, 2023 at 04:24 AM
-- Server version: 8.0.30
-- PHP Version: 8.1.10

SET SQL_MODE = "NO_AUTO_VALUE_ON_ZERO";
START TRANSACTION;
SET time_zone = "+00:00";


/*!40101 SET @OLD_CHARACTER_SET_CLIENT=@@CHARACTER_SET_CLIENT */;
/*!40101 SET @OLD_CHARACTER_SET_RESULTS=@@CHARACTER_SET_RESULTS */;
/*!40101 SET @OLD_COLLATION_CONNECTION=@@COLLATION_CONNECTION */;
/*!40101 SET NAMES utf8mb4 */;

--
-- Database: `dwh_film`
--

-- --------------------------------------------------------

--
-- Table structure for table `dim_movies`
--

CREATE TABLE `dim_movies` (
  `movie_id` int NOT NULL,
  `title` varchar(255) COLLATE utf8mb4_general_ci DEFAULT NULL,
  `genre` varchar(255) COLLATE utf8mb4_general_ci DEFAULT NULL,
  `release_year` int DEFAULT NULL,
  `director` varchar(255) COLLATE utf8mb4_general_ci DEFAULT NULL
) ENGINE=InnoDB DEFAULT CHARSET=utf8mb4 COLLATE=utf8mb4_general_ci;

--
-- Dumping data for table `dim_movies`
--

INSERT INTO `dim_movies` (`movie_id`, `title`, `genre`, `release_year`, `director`) VALUES
(1, 'The Shawshank Redemption', 'Drama', 1994, 'Frank Darabont'),
(2, 'The Godfather', 'Crime', 1972, 'Francis Ford Coppola'),
(3, 'Pulp Fiction', 'Crime', 1994, 'Quentin Tarantino'),
(4, 'The Dark Knight', 'Action', 2008, 'Christopher Nolan'),
(5, 'Fight Club', 'Drama', 1999, 'David Fincher'),
(6, 'Inception', 'Sci-Fi', 2010, 'Christopher Nolan'),
(7, 'The Matrix', 'Sci-Fi', 1999, 'The Wachowski Brothers'),
(8, 'Goodfellas', 'Crime', 1990, 'Martin Scorsese'),
(9, 'Schindlers List', 'Drama', 1993, 'Steven Spielberg'),
(10, 'The Lord of the Rings: The Fellowship of the Ring', 'Fantasy', 2001, 'Peter Jackson'),
(11, 'The Avengers', 'Action', 2012, 'Joss Whedon'),
(12, 'Forrest Gump', 'Drama', 1994, 'Robert Zemeckis'),
(13, 'The Lion King', 'Animation', 1994, 'Roger Allers'),
(14, 'The Silence of the Lambs', 'Thriller', 1991, 'Jonathan Demme'),
(15, 'Titanic', 'Romance', 1997, 'James Cameron'),
(16, 'Jurassic Park', 'Adventure', 1993, 'Steven Spielberg'),
(17, 'The Dark Knight Rises', 'Action', 2012, 'Christopher Nolan'),
(18, 'Avatar', 'Sci-Fi', 2009, 'James Cameron'),
(19, 'Inglourious Basterds', 'War', 2009, 'Quentin Tarantino'),
(20, 'The Departed', 'Crime', 2006, 'Martin Scorsese');

-- --------------------------------------------------------

--
-- Table structure for table `dim_stateratings`
--

CREATE TABLE `dim_stateratings` (
  `movie_id` int NOT NULL,
  `state` varchar(255) COLLATE utf8mb4_general_ci NOT NULL,
  `average_rating` float NOT NULL
) ENGINE=InnoDB DEFAULT CHARSET=utf8mb4 COLLATE=utf8mb4_general_ci;

--
-- Dumping data for table `dim_stateratings`
--

INSERT INTO `dim_stateratings` (`movie_id`, `state`, `average_rating`) VALUES
(1, 'New York', 3.61538),
(7, 'California', 2.75),
(13, 'Texas', 2.9),
(5, 'New York', 2.94444),
(3, 'California', 2.76923),
(17, 'Texas', 3.36842),
(9, 'New York', 2.38462),
(13, 'New York', 3.07692),
(18, 'New York', 3.33333),
(19, 'California', 3.2),
(1, 'Texas', 2.73333),
(15, 'California', 3.23077),
(5, 'Texas', 2.63636),
(11, 'California', 3.05882),
(9, 'Texas', 3.11765),
(6, 'California', 2.6),
(4, 'New York', 2.84211),
(14, 'Texas', 2.4375),
(2, 'California', 2.5),
(8, 'New York', 2.57692),
(18, 'Texas', 3.16667),
(12, 'New York', 2.94118),
(16, 'New York', 3.33333),
(17, 'New York', 3.31579),
(18, 'California', 3.2),
(2, 'Texas', 2.83333),
(14, 'California', 2.9),
(6, 'Texas', 3.19048),
(10, 'California', 3.46154),
(10, 'Texas', 3.4375),
(11, 'Texas', 2.68182),
(3, 'New York', 3.27273),
(9, 'California', 2.625),
(15, 'Texas', 2.47059),
(5, 'California', 3.11765),
(7, 'New York', 2.45455),
(19, 'Texas', 2.85),
(1, 'California', 3.38462),
(11, 'New York', 2.85714),
(15, 'New York', 2.64706),
(20, 'New York', 2.86667),
(3, 'Texas', 2.73913),
(17, 'California', 3),
(7, 'Texas', 2.5),
(13, 'California', 3.29167),
(2, 'New York', 2.64706),
(12, 'Texas', 3.81818),
(8, 'California', 2.93333),
(6, 'New York', 3.76923),
(16, 'Texas', 2.6),
(4, 'California', 3.375),
(10, 'New York', 3.23077),
(20, 'Texas', 3.25),
(14, 'New York', 2.66667),
(19, 'New York', 3.23529),
(20, 'California', 2.77778),
(4, 'Texas', 3.65),
(16, 'California', 2.94118),
(8, 'Texas', 3.05263),
(12, 'California', 3.46667),
(1, 'New York', 3.61538),
(7, 'California', 2.75),
(13, 'Texas', 2.9),
(5, 'New York', 2.94444),
(3, 'California', 2.76923),
(17, 'Texas', 3.36842),
(9, 'New York', 2.38462),
(13, 'New York', 3.07692),
(18, 'New York', 3.33333),
(19, 'California', 3.2),
(1, 'Texas', 2.73333),
(15, 'California', 3.23077),
(5, 'Texas', 2.63636),
(11, 'California', 3.05882),
(9, 'Texas', 3.11765),
(6, 'California', 2.6),
(4, 'New York', 2.84211),
(14, 'Texas', 2.4375),
(2, 'California', 2.5),
(8, 'New York', 2.57692),
(18, 'Texas', 3.16667),
(12, 'New York', 2.94118),
(16, 'New York', 3.33333),
(17, 'New York', 3.31579),
(18, 'California', 3.2),
(2, 'Texas', 2.83333),
(14, 'California', 2.9),
(6, 'Texas', 3.19048),
(10, 'California', 3.46154),
(10, 'Texas', 3.4375),
(11, 'Texas', 2.68182),
(3, 'New York', 3.27273),
(9, 'California', 2.625),
(15, 'Texas', 2.47059),
(5, 'California', 3.11765),
(7, 'New York', 2.45455),
(19, 'Texas', 2.85),
(1, 'California', 3.38462),
(11, 'New York', 2.85714),
(15, 'New York', 2.64706),
(20, 'New York', 2.86667),
(3, 'Texas', 2.73913),
(17, 'California', 3),
(7, 'Texas', 2.5),
(13, 'California', 3.29167),
(2, 'New York', 2.64706),
(12, 'Texas', 3.81818),
(8, 'California', 2.93333),
(6, 'New York', 3.76923),
(16, 'Texas', 2.6),
(4, 'California', 3.375),
(10, 'New York', 3.23077),
(20, 'Texas', 3.25),
(14, 'New York', 2.66667),
(19, 'New York', 3.23529),
(20, 'California', 2.77778),
(4, 'Texas', 3.65),
(16, 'California', 2.94118),
(8, 'Texas', 3.05263),
(12, 'California', 3.46667);

-- --------------------------------------------------------

--
-- Table structure for table `dim_users`
--

CREATE TABLE `dim_users` (
  `user_id` int NOT NULL,
  `first_name` varchar(50) COLLATE utf8mb4_general_ci DEFAULT NULL,
  `last_name` varchar(50) COLLATE utf8mb4_general_ci DEFAULT NULL,
  `gender` varchar(10) COLLATE utf8mb4_general_ci DEFAULT NULL,
  `age` int DEFAULT NULL,
  `occupation` varchar(50) COLLATE utf8mb4_general_ci DEFAULT NULL,
  `maritalstatus` varchar(20) COLLATE utf8mb4_general_ci DEFAULT NULL,
  `salary` decimal(10,2) DEFAULT NULL,
  `state` varchar(50) COLLATE utf8mb4_general_ci DEFAULT NULL,
  `zip` varchar(10) COLLATE utf8mb4_general_ci DEFAULT NULL
) ENGINE=InnoDB DEFAULT CHARSET=utf8mb4 COLLATE=utf8mb4_general_ci;

--
-- Dumping data for table `dim_users`
--

INSERT INTO `dim_users` (`user_id`, `first_name`, `last_name`, `gender`, `age`, `occupation`, `maritalstatus`, `salary`, `state`, `zip`) VALUES
(1, 'John', 'Doe', 'Male', 30, 'Engineer', 'Married', '5000.00', 'California', '12345'),
(2, 'Jane', 'Smith', 'Female', 28, 'Teacher', 'Single', '3500.00', 'New York', '67890'),
(3, 'Michael', 'Johnson', 'Male', 35, 'Manager', 'Married', '8000.00', 'Texas', '54321'),
(4, 'Emily', 'Brown', 'Female', 32, 'Doctor', 'Married', '10000.00', 'Florida', '98765'),
(5, 'David', 'Davis', 'Male', 27, 'Software Developer', 'Single', '4500.00', 'Washington', '23456');

-- --------------------------------------------------------

--
-- Table structure for table `fact_ratings`
--

CREATE TABLE `fact_ratings` (
  `rating_id` int DEFAULT NULL,
  `movie_id` int DEFAULT NULL,
  `user_id` int DEFAULT NULL,
  `rating` int DEFAULT NULL,
  `timestamp` timestamp NULL DEFAULT NULL
) ENGINE=InnoDB DEFAULT CHARSET=utf8mb4 COLLATE=utf8mb4_general_ci;

--
-- Dumping data for table `fact_ratings`
--

INSERT INTO `fact_ratings` (`rating_id`, `movie_id`, `user_id`, `rating`, `timestamp`) VALUES
(2, 6, 1, 2, '2023-05-24 20:06:19'),
(1, 14, 1, 2, '2023-05-24 20:06:19'),
(2, 20, 2, 4, '2023-05-24 20:06:19'),
(1, 19, 3, 2, '2023-05-24 20:06:19'),
(2, 13, 1, 5, '2023-05-24 20:06:19'),
(2, 20, 2, 5, '2023-05-24 20:06:19'),
(3, 5, 1, 5, '2023-05-24 20:06:19'),
(2, 14, 2, 2, '2023-05-24 20:06:19'),
(3, 6, 3, 3, '2023-05-24 20:06:19'),
(1, 2, 2, 1, '2023-05-24 20:06:19'),
(2, 15, 3, 3, '2023-05-24 20:06:19'),
(1, 5, 3, 1, '2023-05-24 20:06:19'),
(2, 20, 1, 3, '2023-05-24 20:06:19'),
(2, 15, 2, 2, '2023-05-24 20:06:19'),
(3, 14, 2, 4, '2023-05-24 20:06:19'),
(1, 1, 3, 5, '2023-05-24 20:06:19'),
(3, 8, 3, 3, '2023-05-24 20:06:19'),
(2, 3, 2, 2, '2023-05-24 20:06:19'),
(1, 19, 3, 1, '2023-05-24 20:06:19'),
(3, 15, 3, 2, '2023-05-24 20:06:19'),
(3, 9, 3, 3, '2023-05-24 20:06:19'),
(1, 14, 2, 3, '2023-05-24 20:06:19'),
(2, 7, 3, 1, '2023-05-24 20:06:19'),
(2, 7, 3, 2, '2023-05-24 20:06:19'),
(2, 4, 1, 5, '2023-05-24 20:06:19'),
(1, 9, 1, 5, '2023-05-24 20:06:19'),
(3, 12, 3, 5, '2023-05-24 20:06:19'),
(2, 9, 1, 4, '2023-05-24 20:06:19'),
(2, 18, 2, 3, '2023-05-24 20:06:19'),
(2, 8, 2, 5, '2023-05-24 20:06:19'),
(1, 15, 3, 1, '2023-05-24 20:06:19'),
(2, 10, 3, 2, '2023-05-24 20:06:19'),
(3, 8, 3, 5, '2023-05-24 20:06:19'),
(2, 13, 2, 3, '2023-05-24 20:06:19'),
(3, 10, 2, 2, '2023-05-24 20:06:19'),
(1, 17, 3, 2, '2023-05-24 20:06:19'),
(2, 18, 1, 1, '2023-05-24 20:06:19'),
(1, 1, 2, 3, '2023-05-24 20:06:19'),
(1, 17, 1, 2, '2023-05-24 20:06:19'),
(3, 1, 1, 3, '2023-05-24 20:06:19'),
(3, 6, 1, 4, '2023-05-24 20:06:19'),
(1, 19, 2, 4, '2023-05-24 20:06:19'),
(1, 4, 3, 4, '2023-05-24 20:06:19'),
(1, 18, 2, 5, '2023-05-24 20:06:19'),
(1, 3, 3, 5, '2023-05-24 20:06:19'),
(1, 20, 1, 4, '2023-05-24 20:06:19'),
(1, 4, 3, 4, '2023-05-24 20:06:19'),
(3, 11, 3, 5, '2023-05-24 20:06:19'),
(3, 13, 1, 2, '2023-05-24 20:06:19'),
(3, 16, 3, 1, '2023-05-24 20:06:19'),
(2, 18, 3, 3, '2023-05-24 20:06:19'),
(1, 4, 3, 2, '2023-05-24 20:06:19'),
(2, 2, 2, 4, '2023-05-24 20:06:19'),
(2, 13, 1, 5, '2023-05-24 20:06:19'),
(1, 19, 2, 2, '2023-05-24 20:06:19'),
(3, 3, 2, 4, '2023-05-24 20:06:19'),
(1, 10, 3, 5, '2023-05-24 20:06:19'),
(1, 16, 3, 3, '2023-05-24 20:06:19'),
(2, 17, 2, 5, '2023-05-24 20:06:19'),
(1, 2, 2, 4, '2023-05-24 20:06:19'),
(3, 11, 1, 3, '2023-05-24 20:06:19'),
(3, 4, 3, 3, '2023-05-24 20:06:19'),
(3, 14, 2, 2, '2023-05-24 20:06:19'),
(2, 6, 3, 2, '2023-05-24 20:06:19'),
(1, 20, 2, 2, '2023-05-24 20:06:19'),
(2, 4, 2, 1, '2023-05-24 20:06:19'),
(1, 1, 3, 4, '2023-05-24 20:06:19'),
(1, 18, 1, 1, '2023-05-24 20:06:19'),
(3, 17, 1, 4, '2023-05-24 20:06:19'),
(3, 13, 1, 5, '2023-05-24 20:06:19'),
(2, 1, 3, 1, '2023-05-24 20:06:19'),
(3, 9, 2, 2, '2023-05-24 20:06:19'),
(1, 7, 2, 2, '2023-05-24 20:06:19'),
(3, 17, 2, 1, '2023-05-24 20:06:19'),
(3, 15, 3, 4, '2023-05-24 20:06:19'),
(2, 3, 3, 1, '2023-05-24 20:06:19'),
(2, 12, 2, 2, '2023-05-24 20:06:19'),
(3, 8, 3, 2, '2023-05-24 20:06:19'),
(1, 20, 1, 3, '2023-05-24 20:06:19'),
(3, 4, 3, 3, '2023-05-24 20:06:19'),
(1, 10, 3, 2, '2023-05-24 20:06:19'),
(2, 12, 1, 3, '2023-05-24 20:06:19'),
(3, 1, 2, 2, '2023-05-24 20:06:19'),
(2, 11, 2, 2, '2023-05-24 20:06:19'),
(2, 16, 1, 5, '2023-05-24 20:06:19'),
(3, 10, 2, 4, '2023-05-24 20:06:19'),
(2, 17, 3, 2, '2023-05-24 20:06:19'),
(3, 5, 2, 1, '2023-05-24 20:06:19'),
(1, 2, 1, 2, '2023-05-24 20:06:19'),
(1, 17, 3, 4, '2023-05-24 20:06:19'),
(1, 4, 1, 3, '2023-05-24 20:06:19'),
(1, 9, 1, 1, '2023-05-24 20:06:19'),
(3, 9, 2, 1, '2023-05-24 20:06:19'),
(3, 15, 2, 4, '2023-05-24 20:06:19'),
(1, 3, 2, 4, '2023-05-24 20:06:19'),
(2, 3, 3, 5, '2023-05-24 20:06:19'),
(2, 16, 2, 3, '2023-05-24 20:06:19'),
(1, 12, 3, 4, '2023-05-24 20:06:19'),
(1, 6, 3, 4, '2023-05-24 20:06:19'),
(3, 3, 2, 3, '2023-05-24 20:06:19'),
(2, 5, 2, 2, '2023-05-24 20:06:19'),
(3, 19, 3, 1, '2023-05-24 20:06:19'),
(3, 15, 3, 4, '2023-05-24 20:06:19'),
(3, 14, 1, 3, '2023-05-24 20:06:19'),
(1, 18, 2, 5, '2023-05-24 20:06:19'),
(3, 8, 2, 1, '2023-05-24 20:06:19'),
(2, 12, 2, 5, '2023-05-24 20:06:19'),
(3, 3, 1, 4, '2023-05-24 20:06:19'),
(3, 12, 3, 3, '2023-05-24 20:06:19'),
(1, 19, 1, 4, '2023-05-24 20:06:19'),
(2, 6, 2, 1, '2023-05-24 20:06:19'),
(2, 3, 3, 4, '2023-05-24 20:06:19'),
(1, 5, 1, 1, '2023-05-24 20:06:19'),
(2, 12, 1, 4, '2023-05-24 20:06:19'),
(1, 6, 2, 5, '2023-05-24 20:06:19'),
(3, 19, 1, 1, '2023-05-24 20:06:19'),
(2, 18, 2, 4, '2023-05-24 20:06:19'),
(1, 14, 3, 3, '2023-05-24 20:06:19'),
(3, 3, 2, 2, '2023-05-24 20:06:19'),
(2, 14, 2, 3, '2023-05-24 20:06:19'),
(1, 1, 1, 4, '2023-05-24 20:06:19'),
(1, 2, 3, 4, '2023-05-24 20:06:19'),
(1, 13, 2, 5, '2023-05-24 20:06:19'),
(2, 19, 1, 5, '2023-05-24 20:06:19'),
(2, 19, 3, 3, '2023-05-24 20:06:19'),
(2, 6, 1, 2, '2023-05-24 20:06:19'),
(3, 5, 3, 2, '2023-05-24 20:06:19'),
(2, 9, 3, 2, '2023-05-24 20:06:19'),
(3, 11, 2, 4, '2023-05-24 20:06:19'),
(2, 4, 3, 3, '2023-05-24 20:06:19'),
(2, 5, 2, 1, '2023-05-24 20:06:19'),
(2, 8, 2, 4, '2023-05-24 20:06:19'),
(3, 2, 3, 1, '2023-05-24 20:06:19'),
(2, 14, 3, 1, '2023-05-24 20:06:19'),
(2, 5, 1, 2, '2023-05-24 20:06:19'),
(3, 17, 1, 4, '2023-05-24 20:06:19'),
(3, 14, 1, 4, '2023-05-24 20:06:19'),
(2, 6, 1, 1, '2023-05-24 20:06:19'),
(1, 2, 2, 2, '2023-05-24 20:06:19'),
(2, 16, 1, 3, '2023-05-24 20:06:19'),
(3, 4, 3, 5, '2023-05-24 20:06:19'),
(2, 16, 3, 5, '2023-05-24 20:06:19'),
(1, 19, 2, 2, '2023-05-24 20:06:19'),
(2, 18, 2, 5, '2023-05-24 20:06:19'),
(3, 5, 1, 5, '2023-05-24 20:06:19'),
(2, 20, 3, 3, '2023-05-24 20:06:19'),
(1, 14, 3, 1, '2023-05-24 20:06:19'),
(2, 7, 2, 4, '2023-05-24 20:06:19'),
(2, 3, 2, 4, '2023-05-24 20:06:19'),
(3, 18, 1, 1, '2023-05-24 20:06:19'),
(2, 18, 2, 3, '2023-05-24 20:06:19'),
(1, 5, 3, 5, '2023-05-24 20:06:19'),
(1, 19, 1, 4, '2023-05-24 20:06:19'),
(2, 14, 2, 1, '2023-05-24 20:06:19'),
(2, 3, 1, 2, '2023-05-24 20:06:19'),
(1, 15, 3, 1, '2023-05-24 20:06:19'),
(1, 16, 1, 1, '2023-05-24 20:06:19'),
(3, 18, 2, 2, '2023-05-24 20:06:19'),
(1, 6, 3, 2, '2023-05-24 20:06:19'),
(3, 1, 2, 5, '2023-05-24 20:06:19'),
(2, 12, 1, 3, '2023-05-24 20:06:19'),
(2, 15, 3, 1, '2023-05-24 20:06:19'),
(1, 2, 2, 5, '2023-05-24 20:06:19'),
(3, 13, 2, 3, '2023-05-24 20:06:19'),
(1, 12, 3, 5, '2023-05-24 20:06:19'),
(3, 20, 2, 2, '2023-05-24 20:06:19'),
(1, 13, 1, 4, '2023-05-24 20:06:19'),
(2, 4, 2, 3, '2023-05-24 20:06:19'),
(2, 16, 3, 5, '2023-05-24 20:06:19'),
(2, 2, 1, 5, '2023-05-24 20:06:19'),
(1, 11, 2, 4, '2023-05-24 20:06:19'),
(1, 15, 3, 2, '2023-05-24 20:06:19'),
(1, 3, 1, 2, '2023-05-24 20:06:19'),
(3, 16, 2, 4, '2023-05-24 20:06:19'),
(3, 9, 3, 2, '2023-05-24 20:06:19'),
(3, 1, 2, 4, '2023-05-24 20:06:19'),
(1, 4, 3, 2, '2023-05-24 20:06:19'),
(1, 6, 2, 2, '2023-05-24 20:06:19'),
(3, 18, 2, 2, '2023-05-24 20:06:19'),
(1, 1, 1, 2, '2023-05-24 20:06:19'),
(3, 7, 3, 2, '2023-05-24 20:06:19'),
(2, 13, 2, 1, '2023-05-24 20:06:19'),
(2, 10, 2, 4, '2023-05-24 20:06:19'),
(1, 14, 3, 3, '2023-05-24 20:06:19'),
(2, 15, 2, 2, '2023-05-24 20:06:19'),
(3, 19, 3, 3, '2023-05-24 20:06:19'),
(2, 4, 3, 4, '2023-05-24 20:06:19'),
(2, 7, 3, 2, '2023-05-24 20:06:19'),
(1, 15, 3, 2, '2023-05-24 20:06:19'),
(2, 10, 1, 1, '2023-05-24 20:06:19'),
(1, 10, 2, 5, '2023-05-24 20:06:19'),
(3, 19, 3, 3, '2023-05-24 20:06:19'),
(1, 6, 1, 2, '2023-05-24 20:06:19'),
(1, 18, 3, 4, '2023-05-24 20:06:19'),
(3, 4, 2, 5, '2023-05-24 20:06:19'),
(3, 9, 2, 2, '2023-05-24 20:06:19'),
(3, 6, 3, 5, '2023-05-24 20:06:19'),
(3, 8, 2, 4, '2023-05-24 20:06:19'),
(3, 8, 2, 2, '2023-05-24 20:06:19'),
(3, 5, 3, 2, '2023-05-24 20:06:19'),
(3, 8, 1, 4, '2023-05-24 20:06:19'),
(2, 17, 2, 4, '2023-05-24 20:06:19'),
(3, 4, 1, 2, '2023-05-24 20:06:19'),
(1, 3, 2, 2, '2023-05-24 20:06:19'),
(1, 5, 3, 2, '2023-05-24 20:06:19'),
(3, 18, 2, 3, '2023-05-24 20:06:19'),
(3, 3, 3, 4, '2023-05-24 20:06:19'),
(3, 17, 1, 4, '2023-05-24 20:06:19'),
(1, 6, 2, 5, '2023-05-24 20:06:19'),
(2, 2, 2, 1, '2023-05-24 20:06:19'),
(2, 15, 1, 1, '2023-05-24 20:06:19'),
(1, 19, 2, 4, '2023-05-24 20:06:19'),
(2, 19, 2, 4, '2023-05-24 20:06:19'),
(2, 9, 3, 4, '2023-05-24 20:06:19'),
(3, 3, 2, 4, '2023-05-24 20:06:19'),
(1, 7, 3, 5, '2023-05-24 20:06:19'),
(1, 14, 2, 3, '2023-05-24 20:06:19'),
(2, 5, 3, 4, '2023-05-24 20:06:19'),
(2, 3, 3, 1, '2023-05-24 20:06:19'),
(2, 20, 1, 1, '2023-05-24 20:06:19'),
(2, 19, 3, 3, '2023-05-24 20:06:19'),
(1, 6, 2, 3, '2023-05-24 20:06:19'),
(2, 16, 2, 3, '2023-05-24 20:06:19'),
(3, 7, 3, 4, '2023-05-24 20:06:19'),
(2, 9, 3, 3, '2023-05-24 20:06:19'),
(2, 20, 1, 1, '2023-05-24 20:06:19'),
(1, 2, 3, 2, '2023-05-24 20:06:19'),
(3, 12, 2, 1, '2023-05-24 20:06:19'),
(3, 6, 3, 3, '2023-05-24 20:06:19'),
(3, 12, 3, 2, '2023-05-24 20:06:19'),
(2, 18, 2, 4, '2023-05-24 20:06:19'),
(1, 6, 1, 5, '2023-05-24 20:06:19'),
(3, 14, 3, 2, '2023-05-24 20:06:19'),
(1, 6, 3, 4, '2023-05-24 20:06:19'),
(2, 6, 2, 1, '2023-05-24 20:06:19'),
(3, 13, 3, 1, '2023-05-24 20:06:19'),
(2, 18, 3, 1, '2023-05-24 20:06:19'),
(3, 18, 2, 2, '2023-05-24 20:06:19'),
(3, 18, 3, 4, '2023-05-24 20:06:19'),
(2, 4, 2, 1, '2023-05-24 20:06:19'),
(3, 20, 2, 3, '2023-05-24 20:06:19'),
(3, 10, 1, 2, '2023-05-24 20:06:19'),
(2, 5, 1, 2, '2023-05-24 20:06:19'),
(1, 6, 3, 4, '2023-05-24 20:06:19'),
(3, 20, 3, 2, '2023-05-24 20:06:19'),
(3, 8, 2, 2, '2023-05-24 20:06:19'),
(2, 6, 2, 2, '2023-05-24 20:06:19'),
(3, 3, 3, 1, '2023-05-24 20:06:19'),
(3, 7, 2, 2, '2023-05-24 20:06:19'),
(1, 1, 1, 5, '2023-05-24 20:06:19'),
(1, 4, 2, 4, '2023-05-24 20:06:19'),
(3, 17, 3, 3, '2023-05-24 20:06:19'),
(3, 16, 2, 2, '2023-05-24 20:06:19'),
(1, 14, 2, 4, '2023-05-24 20:06:19'),
(3, 3, 1, 1, '2023-05-24 20:06:19'),
(3, 5, 2, 1, '2023-05-24 20:06:19'),
(1, 9, 2, 2, '2023-05-24 20:06:19'),
(1, 6, 3, 5, '2023-05-24 20:06:19'),
(3, 7, 3, 2, '2023-05-24 20:06:19'),
(2, 10, 3, 3, '2023-05-24 20:06:19'),
(1, 13, 1, 3, '2023-05-24 20:06:19'),
(2, 9, 1, 5, '2023-05-24 20:06:19'),
(1, 9, 3, 2, '2023-05-24 20:06:19'),
(3, 12, 3, 5, '2023-05-24 20:06:19'),
(1, 16, 1, 3, '2023-05-24 20:06:19'),
(1, 2, 1, 1, '2023-05-24 20:06:19'),
(1, 15, 1, 3, '2023-05-24 20:06:19'),
(3, 3, 3, 2, '2023-05-24 20:06:19'),
(1, 1, 3, 4, '2023-05-24 20:06:19'),
(3, 8, 1, 2, '2023-05-24 20:06:19'),
(1, 2, 1, 4, '2023-05-24 20:06:19'),
(1, 20, 3, 4, '2023-05-24 20:06:19'),
(1, 14, 3, 4, '2023-05-24 20:06:19'),
(3, 8, 2, 5, '2023-05-24 20:06:19'),
(3, 18, 1, 3, '2023-05-24 20:06:19'),
(3, 15, 3, 4, '2023-05-24 20:06:19'),
(2, 7, 3, 2, '2023-05-24 20:06:19'),
(3, 18, 3, 3, '2023-05-24 20:06:19'),
(3, 20, 3, 1, '2023-05-24 20:06:19'),
(3, 13, 2, 3, '2023-05-24 20:06:19'),
(3, 2, 3, 2, '2023-05-24 20:06:19'),
(1, 13, 2, 2, '2023-05-24 20:06:19'),
(3, 11, 3, 3, '2023-05-24 20:06:19'),
(1, 16, 3, 1, '2023-05-24 20:06:19'),
(1, 17, 2, 2, '2023-05-24 20:06:19'),
(3, 8, 2, 5, '2023-05-24 20:06:19'),
(3, 6, 3, 3, '2023-05-24 20:06:19'),
(3, 17, 3, 5, '2023-05-24 20:06:19'),
(2, 14, 1, 1, '2023-05-24 20:06:19'),
(3, 16, 3, 1, '2023-05-24 20:06:19'),
(1, 5, 1, 2, '2023-05-24 20:06:19'),
(1, 4, 3, 2, '2023-05-24 20:06:19'),
(2, 8, 2, 2, '2023-05-24 20:06:19'),
(3, 3, 3, 5, '2023-05-24 20:06:19'),
(3, 15, 2, 3, '2023-05-24 20:06:19'),
(2, 17, 2, 5, '2023-05-24 20:06:19'),
(1, 4, 2, 1, '2023-05-24 20:06:19'),
(2, 11, 2, 4, '2023-05-24 20:06:19'),
(2, 8, 2, 3, '2023-05-24 20:06:19'),
(3, 17, 2, 1, '2023-05-24 20:06:19'),
(3, 4, 2, 4, '2023-05-24 20:06:19'),
(2, 15, 3, 3, '2023-05-24 20:06:19'),
(3, 11, 3, 4, '2023-05-24 20:06:19'),
(3, 12, 2, 3, '2023-05-24 20:06:19'),
(1, 13, 1, 5, '2023-05-24 20:06:19'),
(2, 13, 3, 4, '2023-05-24 20:06:19'),
(1, 15, 1, 3, '2023-05-24 20:06:19'),
(2, 11, 2, 1, '2023-05-24 20:06:19'),
(2, 9, 3, 2, '2023-05-24 20:06:19'),
(2, 15, 3, 3, '2023-05-24 20:06:19'),
(2, 20, 3, 3, '2023-05-24 20:06:19'),
(3, 18, 2, 2, '2023-05-24 20:06:19'),
(3, 8, 2, 1, '2023-05-24 20:06:19'),
(2, 15, 1, 5, '2023-05-24 20:06:19'),
(1, 12, 1, 4, '2023-05-24 20:06:19'),
(2, 5, 1, 2, '2023-05-24 20:06:19'),
(3, 20, 3, 5, '2023-05-24 20:06:19'),
(3, 5, 1, 4, '2023-05-24 20:06:19'),
(1, 10, 3, 5, '2023-05-24 20:06:19'),
(1, 1, 3, 4, '2023-05-24 20:06:19'),
(3, 12, 2, 4, '2023-05-24 20:06:19'),
(1, 20, 3, 5, '2023-05-24 20:06:19'),
(3, 19, 2, 4, '2023-05-24 20:06:19'),
(3, 10, 1, 5, '2023-05-24 20:06:19'),
(1, 13, 1, 5, '2023-05-24 20:06:19'),
(3, 3, 2, 3, '2023-05-24 20:06:19'),
(1, 13, 1, 2, '2023-05-24 20:06:19'),
(1, 7, 1, 3, '2023-05-24 20:06:19'),
(3, 16, 3, 3, '2023-05-24 20:06:19'),
(1, 18, 1, 4, '2023-05-24 20:06:19'),
(3, 9, 2, 1, '2023-05-24 20:06:19'),
(3, 8, 2, 3, '2023-05-24 20:06:19'),
(3, 6, 3, 2, '2023-05-24 20:06:19'),
(2, 15, 3, 3, '2023-05-24 20:06:19'),
(1, 19, 1, 4, '2023-05-24 20:06:19'),
(1, 12, 2, 5, '2023-05-24 20:06:19'),
(1, 20, 1, 4, '2023-05-24 20:06:19'),
(1, 11, 2, 2, '2023-05-24 20:06:19'),
(2, 18, 2, 2, '2023-05-24 20:06:19'),
(3, 4, 3, 4, '2023-05-24 20:06:19'),
(1, 19, 3, 5, '2023-05-24 20:06:19'),
(3, 13, 1, 3, '2023-05-24 20:06:19'),
(2, 1, 1, 5, '2023-05-24 20:06:19'),
(3, 20, 3, 4, '2023-05-24 20:06:19'),
(2, 16, 2, 4, '2023-05-24 20:06:19'),
(1, 18, 2, 5, '2023-05-24 20:06:19'),
(1, 5, 2, 5, '2023-05-24 20:06:19'),
(1, 6, 2, 2, '2023-05-24 20:06:19'),
(2, 14, 2, 1, '2023-05-24 20:06:19'),
(1, 11, 1, 4, '2023-05-24 20:06:19'),
(1, 16, 1, 1, '2023-05-24 20:06:19'),
(1, 9, 1, 3, '2023-05-24 20:06:19'),
(3, 4, 2, 5, '2023-05-24 20:06:19'),
(1, 19, 3, 1, '2023-05-24 20:06:19'),
(2, 15, 1, 2, '2023-05-24 20:06:19'),
(2, 11, 2, 1, '2023-05-24 20:06:19'),
(2, 18, 3, 1, '2023-05-24 20:06:19'),
(3, 9, 3, 1, '2023-05-24 20:06:19'),
(2, 2, 3, 2, '2023-05-24 20:06:19'),
(3, 12, 1, 2, '2023-05-24 20:06:19'),
(3, 13, 3, 4, '2023-05-24 20:06:19'),
(2, 12, 1, 4, '2023-05-24 20:06:19'),
(3, 8, 1, 2, '2023-05-24 20:06:19'),
(2, 11, 2, 4, '2023-05-24 20:06:19'),
(3, 13, 1, 2, '2023-05-24 20:06:19'),
(2, 7, 2, 2, '2023-05-24 20:06:19'),
(1, 7, 2, 5, '2023-05-24 20:06:19'),
(3, 20, 3, 4, '2023-05-24 20:06:19'),
(2, 15, 1, 1, '2023-05-24 20:06:19'),
(3, 7, 3, 2, '2023-05-24 20:06:19'),
(3, 5, 1, 5, '2023-05-24 20:06:19'),
(1, 18, 2, 3, '2023-05-24 20:06:19'),
(1, 5, 2, 4, '2023-05-24 20:06:19'),
(2, 5, 2, 1, '2023-05-24 20:06:19'),
(2, 5, 3, 2, '2023-05-24 20:06:19'),
(2, 13, 2, 4, '2023-05-24 20:06:19'),
(3, 3, 2, 4, '2023-05-24 20:06:19'),
(3, 17, 3, 1, '2023-05-24 20:06:19'),
(2, 14, 2, 2, '2023-05-24 20:06:19'),
(2, 14, 3, 1, '2023-05-24 20:06:19'),
(1, 5, 2, 5, '2023-05-24 20:06:19'),
(3, 19, 3, 2, '2023-05-24 20:06:19'),
(3, 8, 3, 3, '2023-05-24 20:06:19'),
(2, 16, 2, 5, '2023-05-24 20:06:19'),
(1, 17, 3, 3, '2023-05-24 20:06:19'),
(1, 10, 1, 5, '2023-05-24 20:06:19'),
(2, 8, 3, 5, '2023-05-24 20:06:19'),
(1, 1, 2, 2, '2023-05-24 20:06:19'),
(3, 3, 2, 2, '2023-05-24 20:06:19'),
(3, 7, 3, 4, '2023-05-24 20:06:19'),
(1, 7, 1, 3, '2023-05-24 20:06:19'),
(1, 7, 3, 1, '2023-05-24 20:06:19'),
(2, 13, 3, 1, '2023-05-24 20:06:19'),
(2, 18, 3, 5, '2023-05-24 20:06:19'),
(1, 9, 3, 3, '2023-05-24 20:06:19'),
(2, 5, 3, 4, '2023-05-24 20:06:19'),
(1, 11, 2, 1, '2023-05-24 20:06:19'),
(3, 16, 1, 2, '2023-05-24 20:06:19'),
(1, 6, 3, 5, '2023-05-24 20:06:19'),
(2, 18, 3, 4, '2023-05-24 20:06:19'),
(2, 18, 3, 2, '2023-05-24 20:06:19'),
(1, 8, 3, 1, '2023-05-24 20:06:19'),
(2, 4, 3, 5, '2023-05-24 20:06:19'),
(2, 14, 2, 1, '2023-05-24 20:06:19'),
(2, 16, 1, 1, '2023-05-24 20:06:19'),
(3, 3, 1, 4, '2023-05-24 20:06:19'),
(3, 12, 2, 5, '2023-05-24 20:06:19'),
(3, 4, 3, 5, '2023-05-24 20:06:19'),
(2, 17, 2, 1, '2023-05-24 20:06:19'),
(3, 9, 1, 5, '2023-05-24 20:06:19'),
(1, 13, 3, 5, '2023-05-24 20:06:19'),
(3, 8, 1, 1, '2023-05-24 20:06:19'),
(2, 2, 1, 5, '2023-05-24 20:06:19'),
(1, 10, 2, 4, '2023-05-24 20:06:19'),
(1, 8, 1, 5, '2023-05-24 20:06:19'),
(2, 8, 2, 4, '2023-05-24 20:06:19'),
(3, 18, 2, 5, '2023-05-24 20:06:19'),
(1, 17, 1, 1, '2023-05-24 20:06:19'),
(2, 1, 2, 4, '2023-05-24 20:06:19'),
(1, 10, 3, 4, '2023-05-24 20:06:19'),
(2, 10, 2, 1, '2023-05-24 20:06:19'),
(3, 7, 3, 2, '2023-05-24 20:06:19'),
(1, 17, 3, 3, '2023-05-24 20:06:19'),
(2, 1, 1, 1, '2023-05-24 20:06:19'),
(2, 18, 3, 4, '2023-05-24 20:06:19'),
(1, 3, 2, 5, '2023-05-24 20:06:19'),
(1, 1, 2, 5, '2023-05-24 20:06:19'),
(1, 13, 1, 2, '2023-05-24 20:06:19'),
(3, 4, 2, 4, '2023-05-24 20:06:19'),
(3, 9, 3, 4, '2023-05-24 20:06:19'),
(2, 3, 2, 1, '2023-05-24 20:06:19'),
(3, 11, 3, 1, '2023-05-24 20:06:19'),
(2, 20, 3, 2, '2023-05-24 20:06:19'),
(1, 20, 1, 3, '2023-05-24 20:06:19'),
(2, 1, 2, 3, '2023-05-24 20:06:19'),
(1, 18, 3, 5, '2023-05-24 20:06:19'),
(2, 12, 2, 4, '2023-05-24 20:06:19'),
(2, 20, 1, 5, '2023-05-24 20:06:19'),
(1, 16, 2, 3, '2023-05-24 20:06:19'),
(1, 4, 1, 3, '2023-05-24 20:06:19'),
(1, 7, 2, 4, '2023-05-24 20:06:19'),
(2, 11, 1, 1, '2023-05-24 20:06:19'),
(2, 17, 3, 2, '2023-05-24 20:06:19'),
(2, 2, 2, 2, '2023-05-24 20:06:19'),
(1, 10, 2, 3, '2023-05-24 20:06:19'),
(2, 17, 1, 2, '2023-05-24 20:06:19'),
(2, 4, 1, 5, '2023-05-24 20:06:19'),
(1, 4, 1, 4, '2023-05-24 20:06:19'),
(2, 6, 1, 3, '2023-05-24 20:06:19'),
(2, 11, 1, 2, '2023-05-24 20:06:19'),
(3, 8, 2, 3, '2023-05-24 20:06:19'),
(3, 18, 1, 5, '2023-05-24 20:06:19'),
(1, 7, 1, 2, '2023-05-24 20:06:19'),
(2, 20, 1, 1, '2023-05-24 20:06:19'),
(2, 15, 2, 1, '2023-05-24 20:06:19'),
(3, 11, 3, 2, '2023-05-24 20:06:19'),
(2, 13, 1, 3, '2023-05-24 20:06:19'),
(2, 3, 1, 1, '2023-05-24 20:06:19'),
(1, 11, 1, 4, '2023-05-24 20:06:19'),
(1, 18, 3, 5, '2023-05-24 20:06:19'),
(3, 8, 2, 1, '2023-05-24 20:06:19'),
(2, 3, 1, 4, '2023-05-24 20:06:19'),
(3, 2, 1, 1, '2023-05-24 20:06:19'),
(2, 6, 1, 1, '2023-05-24 20:06:19'),
(1, 20, 1, 4, '2023-05-24 20:06:19'),
(3, 5, 2, 5, '2023-05-24 20:06:19'),
(1, 8, 3, 3, '2023-05-24 20:06:19'),
(1, 17, 3, 3, '2023-05-24 20:06:19'),
(1, 7, 3, 4, '2023-05-24 20:06:19'),
(1, 1, 3, 1, '2023-05-24 20:06:19'),
(2, 1, 3, 2, '2023-05-24 20:06:19'),
(1, 18, 1, 5, '2023-05-24 20:06:19'),
(2, 15, 2, 2, '2023-05-24 20:06:19'),
(1, 4, 2, 4, '2023-05-24 20:06:19'),
(3, 11, 1, 1, '2023-05-24 20:06:19'),
(1, 9, 3, 4, '2023-05-24 20:06:19'),
(1, 12, 3, 4, '2023-05-24 20:06:19'),
(3, 18, 3, 1, '2023-05-24 20:06:19'),
(2, 4, 1, 2, '2023-05-24 20:06:19'),
(2, 18, 2, 4, '2023-05-24 20:06:19'),
(1, 15, 2, 5, '2023-05-24 20:06:19'),
(2, 16, 2, 2, '2023-05-24 20:06:19'),
(3, 12, 2, 1, '2023-05-24 20:06:19'),
(3, 16, 3, 3, '2023-05-24 20:06:19'),
(3, 19, 1, 5, '2023-05-24 20:06:19'),
(1, 2, 3, 1, '2023-05-24 20:06:19'),
(2, 6, 3, 4, '2023-05-24 20:06:19'),
(1, 10, 3, 4, '2023-05-24 20:06:19'),
(3, 4, 2, 1, '2023-05-24 20:06:19'),
(2, 11, 2, 5, '2023-05-24 20:06:19'),
(2, 16, 1, 3, '2023-05-24 20:06:19'),
(2, 11, 1, 1, '2023-05-24 20:06:19'),
(3, 15, 2, 2, '2023-05-24 20:06:19'),
(3, 20, 1, 3, '2023-05-24 20:06:19'),
(2, 17, 3, 4, '2023-05-24 20:06:19'),
(2, 3, 2, 5, '2023-05-24 20:06:19'),
(3, 11, 3, 1, '2023-05-24 20:06:19'),
(3, 20, 2, 2, '2023-05-24 20:06:19'),
(2, 20, 2, 4, '2023-05-24 20:06:19'),
(1, 9, 1, 1, '2023-05-24 20:06:19'),
(3, 17, 3, 5, '2023-05-24 20:06:19'),
(3, 10, 1, 4, '2023-05-24 20:06:19'),
(3, 6, 3, 4, '2023-05-24 20:06:19'),
(3, 3, 3, 1, '2023-05-24 20:06:19'),
(1, 16, 2, 3, '2023-05-24 20:06:19'),
(2, 8, 3, 5, '2023-05-24 20:06:19'),
(3, 9, 1, 3, '2023-05-24 20:06:19'),
(2, 10, 1, 5, '2023-05-24 20:06:19'),
(3, 12, 2, 4, '2023-05-24 20:06:19'),
(1, 9, 2, 1, '2023-05-24 20:06:19'),
(1, 12, 2, 4, '2023-05-24 20:06:19'),
(2, 5, 2, 2, '2023-05-24 20:06:19'),
(1, 10, 2, 4, '2023-05-24 20:06:19'),
(2, 13, 3, 5, '2023-05-24 20:06:19'),
(2, 1, 3, 4, '2023-05-24 20:06:19'),
(1, 16, 2, 5, '2023-05-24 20:06:19'),
(3, 6, 3, 1, '2023-05-24 20:06:19'),
(3, 17, 2, 4, '2023-05-24 20:06:19'),
(3, 8, 1, 4, '2023-05-24 20:06:19'),
(2, 20, 1, 2, '2023-05-24 20:06:19'),
(1, 13, 1, 4, '2023-05-24 20:06:19'),
(3, 12, 1, 3, '2023-05-24 20:06:19'),
(1, 3, 3, 1, '2023-05-24 20:06:19'),
(3, 17, 2, 3, '2023-05-24 20:06:19'),
(2, 20, 3, 2, '2023-05-24 20:06:19'),
(3, 2, 3, 5, '2023-05-24 20:06:19'),
(1, 10, 2, 4, '2023-05-24 20:06:19'),
(3, 8, 3, 3, '2023-05-24 20:06:19'),
(3, 20, 2, 4, '2023-05-24 20:06:19'),
(1, 1, 3, 4, '2023-05-24 20:06:19'),
(3, 2, 3, 2, '2023-05-24 20:06:19'),
(2, 8, 1, 1, '2023-05-24 20:06:19'),
(2, 8, 1, 2, '2023-05-24 20:06:19'),
(3, 13, 1, 3, '2023-05-24 20:06:19'),
(1, 4, 2, 2, '2023-05-24 20:06:19'),
(2, 3, 3, 3, '2023-05-24 20:06:19'),
(3, 13, 2, 2, '2023-05-24 20:06:19'),
(1, 8, 2, 1, '2023-05-24 20:06:19'),
(3, 15, 2, 5, '2023-05-24 20:06:19'),
(3, 17, 2, 4, '2023-05-24 20:06:19'),
(3, 7, 1, 1, '2023-05-24 20:06:19'),
(1, 19, 1, 2, '2023-05-24 20:06:19'),
(1, 5, 1, 2, '2023-05-24 20:06:19'),
(2, 13, 1, 4, '2023-05-24 20:06:19'),
(1, 3, 2, 5, '2023-05-24 20:06:19'),
(2, 15, 1, 2, '2023-05-24 20:06:19'),
(3, 18, 1, 3, '2023-05-24 20:06:19'),
(3, 2, 3, 5, '2023-05-24 20:06:19'),
(2, 8, 3, 1, '2023-05-24 20:06:19'),
(1, 19, 1, 3, '2023-05-24 20:06:19'),
(1, 3, 3, 1, '2023-05-24 20:06:19'),
(2, 8, 3, 2, '2023-05-24 20:06:19'),
(2, 6, 3, 2, '2023-05-24 20:06:19'),
(1, 17, 1, 3, '2023-05-24 20:06:19'),
(1, 2, 1, 2, '2023-05-24 20:06:19'),
(2, 5, 2, 4, '2023-05-24 20:06:19'),
(1, 15, 3, 4, '2023-05-24 20:06:19'),
(1, 8, 1, 3, '2023-05-24 20:06:19'),
(1, 15, 2, 4, '2023-05-24 20:06:19'),
(2, 13, 1, 2, '2023-05-24 20:06:19'),
(3, 11, 1, 4, '2023-05-24 20:06:19'),
(1, 7, 1, 2, '2023-05-24 20:06:19'),
(3, 19, 2, 3, '2023-05-24 20:06:19'),
(2, 8, 3, 5, '2023-05-24 20:06:19'),
(2, 1, 1, 5, '2023-05-24 20:06:19'),
(1, 4, 1, 1, '2023-05-24 20:06:19'),
(1, 4, 1, 5, '2023-05-24 20:06:19'),
(1, 18, 2, 4, '2023-05-24 20:06:19'),
(1, 6, 2, 4, '2023-05-24 20:06:19'),
(1, 15, 1, 4, '2023-05-24 20:06:19'),
(1, 17, 3, 4, '2023-05-24 20:06:19'),
(1, 9, 3, 3, '2023-05-24 20:06:19'),
(3, 19, 2, 3, '2023-05-24 20:06:19'),
(3, 9, 3, 5, '2023-05-24 20:06:19'),
(3, 17, 1, 5, '2023-05-24 20:06:19'),
(2, 17, 2, 3, '2023-05-24 20:06:19'),
(1, 18, 1, 5, '2023-05-24 20:06:19'),
(3, 6, 3, 2, '2023-05-24 20:06:19'),
(3, 11, 3, 2, '2023-05-24 20:06:19'),
(3, 4, 1, 5, '2023-05-24 20:06:19'),
(1, 1, 1, 5, '2023-05-24 20:06:19'),
(3, 3, 3, 3, '2023-05-24 20:06:19'),
(3, 10, 1, 2, '2023-05-24 20:06:19'),
(3, 10, 3, 5, '2023-05-24 20:06:19'),
(1, 6, 2, 5, '2023-05-24 20:06:19'),
(3, 14, 1, 5, '2023-05-24 20:06:19'),
(1, 5, 3, 1, '2023-05-24 20:06:19'),
(1, 7, 2, 1, '2023-05-24 20:06:19'),
(3, 20, 1, 3, '2023-05-24 20:06:19'),
(2, 15, 1, 3, '2023-05-24 20:06:19'),
(3, 16, 1, 2, '2023-05-24 20:06:19'),
(2, 9, 1, 1, '2023-05-24 20:06:19'),
(2, 4, 3, 4, '2023-05-24 20:06:19'),
(2, 10, 1, 3, '2023-05-24 20:06:19'),
(2, 8, 1, 2, '2023-05-24 20:06:19'),
(3, 11, 3, 1, '2023-05-24 20:06:19'),
(1, 9, 2, 1, '2023-05-24 20:06:19'),
(1, 17, 1, 4, '2023-05-24 20:06:19'),
(3, 6, 1, 4, '2023-05-24 20:06:19'),
(2, 16, 2, 5, '2023-05-24 20:06:19'),
(2, 6, 2, 4, '2023-05-24 20:06:19'),
(3, 17, 2, 5, '2023-05-24 20:06:19'),
(3, 15, 1, 4, '2023-05-24 20:06:19'),
(2, 2, 1, 2, '2023-05-24 20:06:19'),
(2, 6, 3, 1, '2023-05-24 20:06:19'),
(1, 9, 3, 5, '2023-05-24 20:06:19'),
(2, 10, 3, 1, '2023-05-24 20:06:19'),
(1, 14, 2, 2, '2023-05-24 20:06:19'),
(3, 20, 2, 2, '2023-05-24 20:06:19'),
(1, 9, 2, 3, '2023-05-24 20:06:19'),
(2, 16, 2, 5, '2023-05-24 20:06:19'),
(2, 11, 3, 2, '2023-05-24 20:06:19'),
(3, 18, 1, 1, '2023-05-24 20:06:19'),
(2, 2, 1, 3, '2023-05-24 20:06:19'),
(1, 17, 1, 3, '2023-05-24 20:06:19'),
(1, 2, 2, 1, '2023-05-24 20:06:19'),
(2, 9, 1, 2, '2023-05-24 20:06:19'),
(3, 11, 3, 1, '2023-05-24 20:06:19'),
(1, 19, 1, 2, '2023-05-24 20:06:19'),
(2, 6, 1, 2, '2023-05-24 20:06:19'),
(3, 13, 2, 3, '2023-05-24 20:06:19'),
(3, 19, 3, 5, '2023-05-24 20:06:19'),
(2, 14, 3, 2, '2023-05-24 20:06:19'),
(1, 9, 1, 2, '2023-05-24 20:06:19'),
(3, 5, 1, 5, '2023-05-24 20:06:19'),
(1, 18, 1, 4, '2023-05-24 20:06:19'),
(2, 11, 1, 3, '2023-05-24 20:06:19'),
(2, 15, 2, 1, '2023-05-24 20:06:19'),
(1, 17, 1, 5, '2023-05-24 20:06:19'),
(1, 16, 2, 3, '2023-05-24 20:06:19'),
(1, 3, 3, 4, '2023-05-24 20:06:19'),
(2, 11, 1, 2, '2023-05-24 20:06:19'),
(3, 15, 2, 4, '2023-05-24 20:06:19'),
(3, 2, 1, 4, '2023-05-24 20:06:19'),
(3, 9, 1, 3, '2023-05-24 20:06:19'),
(1, 5, 2, 1, '2023-05-24 20:06:19'),
(2, 4, 3, 2, '2023-05-24 20:06:19'),
(3, 9, 3, 5, '2023-05-24 20:06:19'),
(1, 11, 1, 4, '2023-05-24 20:06:19'),
(3, 3, 1, 3, '2023-05-24 20:06:19'),
(2, 16, 1, 3, '2023-05-24 20:06:19'),
(3, 8, 3, 5, '2023-05-24 20:06:19'),
(2, 20, 2, 1, '2023-05-24 20:06:19'),
(3, 2, 2, 5, '2023-05-24 20:06:19'),
(1, 16, 1, 2, '2023-05-24 20:06:19'),
(1, 5, 2, 4, '2023-05-24 20:06:19'),
(3, 12, 2, 2, '2023-05-24 20:06:19'),
(3, 7, 3, 1, '2023-05-24 20:06:19'),
(2, 3, 1, 3, '2023-05-24 20:06:19'),
(2, 11, 1, 3, '2023-05-24 20:06:19'),
(2, 7, 1, 1, '2023-05-24 20:06:19'),
(3, 6, 2, 5, '2023-05-24 20:06:19'),
(1, 10, 2, 2, '2023-05-24 20:06:19'),
(1, 2, 3, 5, '2023-05-24 20:06:19'),
(1, 2, 1, 1, '2023-05-24 20:06:19'),
(2, 8, 1, 3, '2023-05-24 20:06:19'),
(3, 18, 2, 3, '2023-05-24 20:06:19'),
(1, 16, 1, 2, '2023-05-24 20:06:19'),
(2, 8, 1, 4, '2023-05-24 20:06:19'),
(1, 1, 2, 5, '2023-05-24 20:06:19'),
(2, 8, 1, 1, '2023-05-24 20:06:19'),
(3, 10, 3, 5, '2023-05-24 20:06:19'),
(1, 1, 2, 2, '2023-05-24 20:06:19'),
(2, 13, 1, 1, '2023-05-24 20:06:19'),
(2, 10, 2, 1, '2023-05-24 20:06:19'),
(3, 11, 3, 2, '2023-05-24 20:06:19'),
(2, 20, 3, 1, '2023-05-24 20:06:19'),
(2, 19, 1, 3, '2023-05-24 20:06:19'),
(2, 5, 1, 3, '2023-05-24 20:06:19'),
(2, 9, 1, 1, '2023-05-24 20:06:19'),
(1, 12, 1, 1, '2023-05-24 20:06:19'),
(1, 16, 1, 5, '2023-05-24 20:06:19'),
(3, 20, 1, 2, '2023-05-24 20:06:19'),
(1, 14, 2, 4, '2023-05-24 20:06:19'),
(2, 12, 1, 4, '2023-05-24 20:06:19'),
(3, 12, 3, 4, '2023-05-24 20:06:19'),
(2, 4, 3, 5, '2023-05-24 20:06:19'),
(1, 17, 2, 1, '2023-05-24 20:06:19'),
(1, 12, 3, 2, '2023-05-24 20:06:19'),
(1, 7, 1, 3, '2023-05-24 20:06:19'),
(2, 4, 1, 5, '2023-05-24 20:06:19'),
(3, 11, 3, 2, '2023-05-24 20:06:19'),
(3, 19, 3, 1, '2023-05-24 20:06:19'),
(2, 18, 3, 5, '2023-05-24 20:06:19'),
(3, 4, 2, 2, '2023-05-24 20:06:19'),
(3, 11, 3, 4, '2023-05-24 20:06:19'),
(1, 11, 1, 2, '2023-05-24 20:06:19'),
(3, 10, 1, 5, '2023-05-24 20:06:19'),
(3, 4, 3, 5, '2023-05-24 20:06:19'),
(3, 7, 3, 1, '2023-05-24 20:06:19'),
(3, 11, 3, 4, '2023-05-24 20:06:19'),
(1, 18, 3, 5, '2023-05-24 20:06:19'),
(1, 13, 3, 2, '2023-05-24 20:06:19'),
(2, 17, 2, 5, '2023-05-24 20:06:19'),
(3, 13, 2, 2, '2023-05-24 20:06:19'),
(1, 6, 2, 5, '2023-05-24 20:06:19'),
(2, 14, 2, 4, '2023-05-24 20:06:19'),
(2, 9, 1, 1, '2023-05-24 20:06:19'),
(3, 2, 3, 4, '2023-05-24 20:06:19'),
(2, 18, 2, 3, '2023-05-24 20:06:19'),
(3, 11, 3, 1, '2023-05-24 20:06:19'),
(3, 17, 2, 4, '2023-05-24 20:06:19'),
(1, 18, 2, 2, '2023-05-24 20:06:19'),
(3, 9, 2, 3, '2023-05-24 20:06:19'),
(2, 17, 3, 3, '2023-05-24 20:06:19'),
(2, 2, 2, 5, '2023-05-24 20:06:19'),
(2, 17, 3, 5, '2023-05-24 20:06:19'),
(2, 8, 1, 5, '2023-05-24 20:06:19'),
(3, 4, 2, 3, '2023-05-24 20:06:19'),
(3, 11, 2, 4, '2023-05-24 20:06:19'),
(3, 8, 3, 4, '2023-05-24 20:06:19'),
(1, 18, 1, 5, '2023-05-24 20:06:19'),
(3, 3, 2, 5, '2023-05-24 20:06:19'),
(1, 14, 1, 1, '2023-05-24 20:06:19'),
(1, 15, 3, 2, '2023-05-24 20:06:19'),
(2, 17, 2, 4, '2023-05-24 20:06:19'),
(3, 6, 1, 2, '2023-05-24 20:06:19'),
(2, 7, 3, 5, '2023-05-24 20:06:19'),
(3, 3, 3, 3, '2023-05-24 20:06:19'),
(1, 11, 3, 3, '2023-05-24 20:06:19'),
(3, 9, 2, 5, '2023-05-24 20:06:19'),
(2, 13, 1, 2, '2023-05-24 20:06:19'),
(3, 4, 3, 3, '2023-05-24 20:06:19'),
(1, 15, 1, 5, '2023-05-24 20:06:19'),
(1, 13, 3, 3, '2023-05-24 20:06:19'),
(2, 17, 1, 1, '2023-05-24 20:06:19'),
(2, 14, 1, 5, '2023-05-24 20:06:19'),
(2, 14, 3, 1, '2023-05-24 20:06:19'),
(1, 8, 2, 1, '2023-05-24 20:06:19'),
(2, 11, 1, 5, '2023-05-24 20:06:19'),
(3, 16, 1, 5, '2023-05-24 20:06:19'),
(2, 18, 3, 1, '2023-05-24 20:06:19'),
(3, 13, 2, 5, '2023-05-24 20:06:19'),
(1, 11, 2, 2, '2023-05-24 20:06:19'),
(3, 14, 3, 5, '2023-05-24 20:06:19'),
(1, 4, 2, 5, '2023-05-24 20:06:19'),
(2, 5, 3, 4, '2023-05-24 20:06:19'),
(2, 15, 3, 1, '2023-05-24 20:06:19'),
(3, 16, 2, 1, '2023-05-24 20:06:19'),
(3, 20, 1, 1, '2023-05-24 20:06:19'),
(1, 7, 1, 4, '2023-05-24 20:06:19'),
(1, 3, 2, 5, '2023-05-24 20:06:19'),
(3, 15, 2, 1, '2023-05-24 20:06:19'),
(2, 2, 1, 5, '2023-05-24 20:06:19'),
(1, 8, 3, 5, '2023-05-24 20:06:19'),
(2, 10, 3, 3, '2023-05-24 20:06:19'),
(1, 2, 3, 3, '2023-05-24 20:06:19'),
(3, 6, 1, 2, '2023-05-24 20:06:19'),
(1, 10, 1, 5, '2023-05-24 20:06:19'),
(1, 13, 2, 3, '2023-05-24 20:06:19'),
(3, 1, 2, 3, '2023-05-24 20:06:19'),
(3, 2, 2, 3, '2023-05-24 20:06:19'),
(2, 16, 2, 2, '2023-05-24 20:06:19'),
(1, 15, 2, 2, '2023-05-24 20:06:19'),
(1, 18, 1, 4, '2023-05-24 20:06:19'),
(1, 7, 2, 1, '2023-05-24 20:06:19'),
(1, 2, 3, 2, '2023-05-24 20:06:19'),
(2, 14, 3, 4, '2023-05-24 20:06:19'),
(3, 11, 3, 5, '2023-05-24 20:06:19'),
(3, 19, 2, 4, '2023-05-24 20:06:19'),
(3, 4, 3, 4, '2023-05-24 20:06:19'),
(2, 8, 2, 1, '2023-05-24 20:06:19'),
(2, 14, 3, 2, '2023-05-24 20:06:19'),
(1, 5, 1, 4, '2023-05-24 20:06:19'),
(1, 15, 2, 1, '2023-05-24 20:06:19'),
(3, 11, 1, 4, '2023-05-24 20:06:19'),
(3, 16, 3, 2, '2023-05-24 20:06:19'),
(2, 1, 3, 5, '2023-05-24 20:06:19'),
(1, 6, 2, 4, '2023-05-24 20:06:19'),
(3, 19, 1, 5, '2023-05-24 20:06:19'),
(1, 12, 1, 5, '2023-05-24 20:06:19'),
(2, 19, 2, 3, '2023-05-24 20:06:19'),
(2, 6, 2, 5, '2023-05-24 20:06:19'),
(2, 20, 3, 5, '2023-05-24 20:06:19'),
(3, 1, 1, 3, '2023-05-24 20:06:19'),
(2, 13, 1, 3, '2023-05-24 20:06:19'),
(3, 16, 1, 3, '2023-05-24 20:06:19'),
(2, 14, 2, 3, '2023-05-24 20:06:19'),
(1, 6, 1, 4, '2023-05-24 20:06:19'),
(2, 10, 3, 2, '2023-05-24 20:06:19'),
(3, 11, 2, 4, '2023-05-24 20:06:19'),
(2, 1, 2, 5, '2023-05-24 20:06:19'),
(2, 8, 3, 3, '2023-05-24 20:06:19'),
(2, 10, 3, 5, '2023-05-24 20:06:19'),
(3, 11, 2, 5, '2023-05-24 20:06:19'),
(2, 3, 1, 2, '2023-05-24 20:06:19'),
(3, 12, 3, 3, '2023-05-24 20:06:19'),
(2, 6, 2, 5, '2023-05-24 20:06:19'),
(3, 2, 3, 4, '2023-05-24 20:06:19'),
(3, 14, 1, 3, '2023-05-24 20:06:19'),
(3, 14, 3, 2, '2023-05-24 20:06:19'),
(2, 3, 3, 5, '2023-05-24 20:06:19'),
(3, 9, 2, 3, '2023-05-24 20:06:19'),
(1, 1, 3, 1, '2023-05-24 20:06:19'),
(3, 10, 3, 3, '2023-05-24 20:06:19'),
(3, 3, 2, 3, '2023-05-24 20:06:19'),
(3, 19, 1, 4, '2023-05-24 20:06:19'),
(2, 2, 2, 4, '2023-05-24 20:06:19'),
(2, 19, 3, 5, '2023-05-24 20:06:19'),
(1, 12, 2, 3, '2023-05-24 20:06:19'),
(1, 13, 1, 5, '2023-05-24 20:06:19'),
(3, 3, 2, 2, '2023-05-24 20:06:19'),
(1, 5, 3, 2, '2023-05-24 20:06:19'),
(1, 11, 2, 3, '2023-05-24 20:06:19'),
(3, 19, 3, 4, '2023-05-24 20:06:19'),
(3, 17, 3, 5, '2023-05-24 20:06:19'),
(2, 19, 1, 3, '2023-05-24 20:06:19'),
(2, 20, 3, 3, '2023-05-24 20:06:19'),
(3, 19, 2, 5, '2023-05-24 20:06:19'),
(1, 8, 2, 1, '2023-05-24 20:06:19'),
(2, 7, 1, 4, '2023-05-24 20:06:19'),
(3, 8, 2, 2, '2023-05-24 20:06:19'),
(1, 19, 3, 3, '2023-05-24 20:06:19'),
(1, 1, 1, 5, '2023-05-24 20:06:19'),
(3, 2, 2, 1, '2023-05-24 20:06:19'),
(3, 6, 2, 5, '2023-05-24 20:06:19'),
(1, 16, 2, 1, '2023-05-24 20:06:19'),
(2, 14, 3, 3, '2023-05-24 20:06:19'),
(3, 16, 2, 5, '2023-05-24 20:06:19'),
(1, 2, 2, 1, '2023-05-24 20:06:19'),
(3, 19, 2, 4, '2023-05-24 20:06:19'),
(1, 20, 1, 3, '2023-05-24 20:06:19'),
(2, 15, 1, 4, '2023-05-24 20:06:19'),
(1, 16, 2, 4, '2023-05-24 20:06:19'),
(2, 17, 2, 5, '2023-05-24 20:06:19'),
(1, 19, 3, 4, '2023-05-24 20:06:19'),
(1, 2, 1, 1, '2023-05-24 20:06:19'),
(2, 4, 2, 3, '2023-05-24 20:06:19'),
(2, 5, 1, 3, '2023-05-24 20:06:19'),
(2, 6, 2, 2, '2023-05-24 20:06:19'),
(3, 19, 2, 4, '2023-05-24 20:06:19'),
(1, 14, 3, 4, '2023-05-24 20:06:19'),
(3, 6, 2, 5, '2023-05-24 20:06:19'),
(3, 3, 1, 3, '2023-05-24 20:06:19'),
(3, 11, 2, 3, '2023-05-24 20:06:19'),
(1, 5, 2, 3, '2023-05-24 20:06:19'),
(3, 7, 2, 1, '2023-05-24 20:06:19'),
(3, 2, 1, 1, '2023-05-24 20:06:19'),
(2, 3, 3, 2, '2023-05-24 20:06:19'),
(3, 14, 3, 1, '2023-05-24 20:06:19'),
(1, 11, 3, 3, '2023-05-24 20:06:19'),
(1, 2, 1, 1, '2023-05-24 20:06:19'),
(1, 10, 2, 3, '2023-05-24 20:06:19'),
(3, 9, 3, 3, '2023-05-24 20:06:19'),
(3, 14, 2, 5, '2023-05-24 20:06:19'),
(3, 9, 2, 5, '2023-05-24 20:06:19'),
(1, 6, 2, 3, '2023-05-24 20:06:19'),
(3, 19, 2, 4, '2023-05-24 20:06:19'),
(3, 6, 3, 5, '2023-05-24 20:06:19'),
(2, 17, 2, 5, '2023-05-24 20:06:19'),
(2, 5, 1, 5, '2023-05-24 20:06:19'),
(1, 11, 3, 5, '2023-05-24 20:06:19'),
(3, 3, 1, 2, '2023-05-24 20:06:19'),
(1, 17, 3, 2, '2023-05-24 20:06:19'),
(2, 17, 2, 1, '2023-05-24 20:06:19'),
(1, 13, 1, 3, '2023-05-24 20:06:19'),
(2, 18, 3, 3, '2023-05-24 20:06:19'),
(1, 3, 3, 2, '2023-05-24 20:06:19'),
(3, 4, 1, 1, '2023-05-24 20:06:19'),
(1, 20, 2, 3, '2023-05-24 20:06:19'),
(2, 20, 2, 3, '2023-05-24 20:06:19'),
(2, 19, 2, 2, '2023-05-24 20:06:19'),
(3, 7, 1, 1, '2023-05-24 20:06:19'),
(1, 19, 1, 1, '2023-05-24 20:06:19'),
(3, 1, 3, 2, '2023-05-24 20:06:19'),
(3, 3, 3, 1, '2023-05-24 20:06:19'),
(3, 4, 1, 3, '2023-05-24 20:06:19'),
(1, 4, 2, 1, '2023-05-24 20:06:19'),
(2, 17, 3, 4, '2023-05-24 20:06:19'),
(1, 14, 1, 2, '2023-05-24 20:06:19'),
(3, 5, 1, 2, '2023-05-24 20:06:19'),
(2, 12, 1, 5, '2023-05-24 20:06:19'),
(1, 8, 2, 4, '2023-05-24 20:06:19'),
(1, 19, 2, 1, '2023-05-24 20:06:19'),
(1, 19, 3, 3, '2023-05-24 20:06:19'),
(3, 14, 1, 3, '2023-05-24 20:06:19'),
(2, 5, 2, 1, '2023-05-24 20:06:19'),
(3, 8, 2, 2, '2023-05-24 20:06:19'),
(3, 10, 1, 2, '2023-05-24 20:06:19'),
(3, 7, 1, 4, '2023-05-24 20:06:19'),
(1, 19, 3, 1, '2023-05-24 20:06:19'),
(2, 19, 2, 2, '2023-05-24 20:06:19'),
(1, 2, 1, 2, '2023-05-24 20:06:19'),
(1, 4, 1, 5, '2023-05-24 20:06:19'),
(2, 11, 2, 3, '2023-05-24 20:06:19'),
(3, 6, 1, 1, '2023-05-24 20:06:19'),
(2, 10, 3, 1, '2023-05-24 20:06:19'),
(1, 12, 2, 2, '2023-05-24 20:06:19'),
(3, 20, 2, 4, '2023-05-24 20:06:19'),
(3, 19, 1, 2, '2023-05-24 20:06:19'),
(3, 6, 2, 5, '2023-05-24 20:06:19'),
(1, 11, 2, 1, '2023-05-24 20:06:19'),
(1, 9, 1, 1, '2023-05-24 20:06:19'),
(3, 13, 1, 3, '2023-05-24 20:06:19'),
(1, 7, 2, 2, '2023-05-24 20:06:19'),
(3, 16, 1, 5, '2023-05-24 20:06:19'),
(1, 17, 1, 2, '2023-05-24 20:06:19'),
(1, 18, 1, 3, '2023-05-24 20:06:19'),
(2, 5, 2, 3, '2023-05-24 20:06:19'),
(3, 15, 2, 5, '2023-05-24 20:06:19'),
(3, 1, 3, 1, '2023-05-24 20:06:19'),
(2, 11, 2, 2, '2023-05-24 20:06:19'),
(3, 16, 1, 4, '2023-05-24 20:06:19'),
(1, 3, 3, 3, '2023-05-24 20:06:19'),
(1, 12, 1, 5, '2023-05-24 20:06:19'),
(3, 9, 3, 2, '2023-05-24 20:06:19'),
(3, 5, 2, 5, '2023-05-24 20:06:19'),
(2, 1, 1, 3, '2023-05-24 20:06:19'),
(1, 14, 2, 1, '2023-05-24 20:06:19'),
(2, 2, 2, 2, '2023-05-24 20:06:19'),
(1, 2, 3, 1, '2023-05-24 20:06:19'),
(1, 17, 1, 2, '2023-05-24 20:06:19'),
(3, 4, 1, 3, '2023-05-24 20:06:19'),
(3, 11, 3, 2, '2023-05-24 20:06:19'),
(3, 8, 1, 5, '2023-05-24 20:06:19'),
(2, 8, 3, 1, '2023-05-24 20:06:19'),
(1, 10, 3, 5, '2023-05-24 20:06:19'),
(1, 17, 3, 4, '2023-05-24 20:06:19'),
(2, 6, 1, 4, '2023-05-24 20:06:19'),
(3, 11, 1, 5, '2023-05-24 20:06:19'),
(2, 6, 2, 3, '2023-05-24 20:06:19'),
(1, 4, 2, 2, '2023-05-24 20:06:19'),
(3, 12, 1, 3, '2023-05-24 20:06:19'),
(3, 11, 3, 2, '2023-05-24 20:06:19'),
(2, 6, 2, 5, '2023-05-24 20:06:19'),
(1, 20, 1, 3, '2023-05-24 20:06:19'),
(3, 7, 1, 5, '2023-05-24 20:06:19'),
(3, 12, 3, 5, '2023-05-24 20:06:19'),
(1, 15, 2, 1, '2023-05-24 20:06:19'),
(1, 8, 2, 5, '2023-05-24 20:06:19'),
(2, 12, 1, 3, '2023-05-24 20:06:19'),
(3, 8, 2, 1, '2023-05-24 20:06:19'),
(1, 10, 2, 5, '2023-05-24 20:06:19'),
(1, 1, 1, 1, '2023-05-24 20:06:19'),
(1, 5, 1, 1, '2023-05-24 20:06:19'),
(3, 11, 2, 2, '2023-05-24 20:06:19'),
(3, 9, 2, 2, '2023-05-24 20:06:19'),
(2, 20, 3, 5, '2023-05-24 20:06:19'),
(2, 20, 3, 3, '2023-05-24 20:06:19'),
(1, 13, 1, 3, '2023-05-24 20:06:19'),
(1, 19, 3, 2, '2023-05-24 20:06:19'),
(2, 11, 1, 4, '2023-05-24 20:06:19'),
(1, 18, 3, 1, '2023-05-24 20:06:19'),
(1, 4, 1, 2, '2023-05-24 20:06:19'),
(3, 16, 2, 4, '2023-05-24 20:06:19'),
(1, 6, 2, 5, '2023-05-24 20:06:19'),
(1, 5, 2, 5, '2023-05-24 20:06:19'),
(3, 12, 2, 1, '2023-05-24 20:06:19'),
(2, 10, 1, 2, '2023-05-24 20:06:19'),
(1, 3, 3, 5, '2023-05-24 20:06:19'),
(1, 6, 3, 2, '2023-05-24 20:06:19'),
(1, 12, 1, 3, '2023-05-24 20:06:19'),
(2, 20, 1, 4, '2023-05-24 20:06:19'),
(1, 11, 3, 4, '2023-05-24 20:06:19'),
(3, 12, 2, 1, '2023-05-24 20:06:19'),
(3, 9, 1, 4, '2023-05-24 20:06:19'),
(2, 6, 3, 4, '2023-05-24 20:06:19'),
(1, 3, 2, 1, '2023-05-24 20:06:19'),
(1, 2, 2, 3, '2023-05-24 20:06:19'),
(3, 3, 2, 3, '2023-05-24 20:06:19'),
(3, 17, 1, 3, '2023-05-24 20:06:19'),
(2, 4, 3, 4, '2023-05-24 20:06:19'),
(2, 10, 1, 4, '2023-05-24 20:06:19'),
(2, 4, 2, 3, '2023-05-24 20:06:19'),
(2, 6, 2, 3, '2023-05-24 20:06:19'),
(1, 2, 3, 3, '2023-05-24 20:06:19'),
(2, 6, 2, 4, '2023-05-24 20:06:19'),
(3, 8, 2, 1, '2023-05-24 20:06:19'),
(2, 18, 2, 1, '2023-05-24 20:06:19'),
(1, 11, 2, 3, '2023-05-24 20:06:19'),
(3, 1, 1, 2, '2023-05-24 20:06:19'),
(3, 13, 2, 4, '2023-05-24 20:06:19'),
(1, 15, 1, 5, '2023-05-24 20:06:19'),
(3, 3, 2, 3, '2023-05-24 20:06:19'),
(3, 16, 2, 5, '2023-05-24 20:06:19'),
(2, 18, 1, 3, '2023-05-24 20:06:19'),
(3, 16, 3, 2, '2023-05-24 20:06:19'),
(3, 1, 3, 1, '2023-05-24 20:06:19'),
(3, 20, 2, 2, '2023-05-24 20:06:19'),
(2, 3, 1, 5, '2023-05-24 20:06:19'),
(3, 8, 3, 1, '2023-05-24 20:06:19'),
(1, 18, 2, 5, '2023-05-24 20:06:19'),
(3, 20, 2, 2, '2023-05-24 20:06:19'),
(3, 19, 3, 5, '2023-05-24 20:06:19'),
(3, 1, 3, 2, '2023-05-24 20:06:19'),
(2, 8, 3, 1, '2023-05-24 20:06:19'),
(2, 7, 2, 3, '2023-05-24 20:06:19'),
(2, 13, 3, 1, '2023-05-24 20:06:19'),
(3, 2, 3, 4, '2023-05-24 20:06:19'),
(3, 15, 3, 2, '2023-05-24 20:06:19'),
(2, 18, 2, 3, '2023-05-24 20:06:19'),
(2, 13, 3, 3, '2023-05-24 20:06:19'),
(3, 8, 2, 3, '2023-05-24 20:06:19'),
(1, 2, 3, 1, '2023-05-24 20:06:19'),
(3, 1, 2, 4, '2023-05-24 20:06:19'),
(1, 3, 3, 1, '2023-05-24 20:06:19'),
(3, 2, 2, 1, '2023-05-24 20:06:19'),
(1, 16, 2, 1, '2023-05-24 20:06:19'),
(2, 14, 2, 3, '2023-05-24 20:06:19'),
(2, 12, 2, 3, '2023-05-24 20:06:19');

--
-- Indexes for dumped tables
--

--
-- Indexes for table `dim_movies`
--
ALTER TABLE `dim_movies`
  ADD PRIMARY KEY (`movie_id`);

--
-- Indexes for table `dim_users`
--
ALTER TABLE `dim_users`
  ADD PRIMARY KEY (`user_id`);
COMMIT;

/*!40101 SET CHARACTER_SET_CLIENT=@OLD_CHARACTER_SET_CLIENT */;
/*!40101 SET CHARACTER_SET_RESULTS=@OLD_CHARACTER_SET_RESULTS */;
/*!40101 SET COLLATION_CONNECTION=@OLD_COLLATION_CONNECTION */;
